slice_type,s1_country,target_source,total_edges,same_country_edges,cross_country_edges,same_country_pct,cross_country_pct
OVERALL,ALL,ALL,7638365,7638365,0,100.0,0.0
BY_TARGET_SOURCE,ALL,S2,3693619,3693619,0,100.0,0.0
BY_TARGET_SOURCE,ALL,S3,3944746,3944746,0,100.0,0.0
BY_S1_COUNTRY,India,ALL,3059843,3059843,0,100.0,0.0
BY_S1_COUNTRY,US,ALL,4578522,4578522,0,100.0,0.0
BY_COUNTRY_X_SOURCE,India,S2,1480545,1480545,0,100.0,0.0
BY_COUNTRY_X_SOURCE,India,S3,1579298,1579298,0,100.0,0.0
BY_COUNTRY_X_SOURCE,US,S2,2213074,2213074,0,100.0,0.0
BY_COUNTRY_X_SOURCE,US,S3,2365448,2365448,0,100.0,0.0
