source1_entity_id	source3_entity_id	country	multiplicity	s1_name_raw	s3_name_raw	s1_address_raw	s3_address_raw	normalized_name	normalized_address
S1-414888075	S3-898421921	India	4	Mehar Pharma Center	mehar pharma center	House No-205, 2Nd Floor, Plot No-265, Bhoi Sahi Krutibandhu Complex, Near Baramunda Bus, Stand, Bhubaneswar, Khordha, Orissa	House No-205, 2Nd Floor, Plot No-265, Bhoi Sahi Krutibandhu Complex, Near Baramunda Bus, Stand, Bhubaneswar, Khordha, Orissa	mehar pharma center	house no 205 2nd floor plot no 265 bhoi sahi krutibandhu complex near baramunda bus stand bhubaneswar khordha orissa
S1-626968956	S3-131889054	India	6	Premlata & Co	Premlata Co	B106, 1Floor, Towerbt Homes, Sector3, Siddharth Vihar, Ghaziabad, Uttar Pradesh	B106, 1Floor, Towerbt Homes, Sector3, Siddharth Vihar, Ghaziabad, Uttar Pradesh	premlata co	b106 1floor towerbt homes sector3 siddharth vihar ghaziabad uttar pradesh
S1-969273819	S3-509927511	India	4	Orchid & Co	Orchid Co	603 6Th Floor Raylon Arcade, Kodivita Road Andheri Kurla Road Near New Empair Industrial Andheri East, Mumbai, Maharashtra	603 6Th Floor Raylon Arcade, Kodivita Road Andheri Kurla Road Near New Empair Industrial Andheri East, Mumbai, Maharashtra	orchid co	603 6th floor raylon arcade kodivita road andheri kurla road near new empair industrial andheri east mumbai maharashtra
S1-887728767	S3-245468448	India	9	Timbers Polytechnic	Timbers Polytechnic	Flat No-A315, Subhadra Appartment Patia, Bhubaneswar, Khordha, Orissa	Flat No-a315, Subhadra Appartment Patia, Bhubaneswar, Khordha, Orissa	timbers polytechnic	flat no a315 subhadra appartment patia bhubaneswar khordha orissa
S1-123114392	S3-992487935	India	4	Bombay United Products Private Limited	Bombay United Products Private (Limited)	Gotala Gram, Ranaga Bazar, Khurda, Khordha, Orissa	Gotala Gram, Ranaga Bazar, Khurda, Khordha, Orissa	bombay united products private limited	gotala gram ranaga bazar khurda khordha orissa
S1-523552976	S3-164842889	India	6	Mega Seva Samiti	Mega  Seva Samiti	Bb-5, Vyas Complex Panposh Road, Rourkela, Sundargarh, Orissa	Bb-5, Vyas Complex Panposh Road, Rourkela, Sundargarh, Orissa	mega seva samiti	bb 5 vyas complex panposh road rourkela sundargarh orissa
S1-931087285	S3-128719788	India	4	Black Consulting Private Limited	Black  Consulting Private Limited	587, Sahid Nagar Bhubaneswar, Bhubaneswar, Khordha, Orissa	#587, Sahid Nagar Bhubaneswar, Bhubaneswar, Khordha, Orissa	black consulting private limited	587 sahid nagar bhubaneswar bhubaneswar khordha orissa
S1-946340498	S3-158604427	India	4	Limelight & Co	Limelight Co-&	At- Rodhapur (Bali Sahi) Po- Salepur, Cuttack, Orissa	At- Rodhapur (Bali Sahi) Po- Salepur, Cuttack, Orissa	limelight co	at rodhapur bali sahi po salepur cuttack orissa
S1-188452719	S3-214911189	India	2	Rajiv Bags Pvt. Ltd.	Rajiv Bags Pvt. Ltd	Chatiapali (Gandhrail) Sadaipali, Bolangir, Balangir, Orissa	Chatiapali (Gandhrail) Sadaipali, Bolangir, Balangir, Orissa	rajiv bags pvt ltd	chatiapali gandhrail sadaipali bolangir balangir orissa
S1-209453428	S3-279303933	India	3	Global Tools	Global Tools	Plot No-259, Govind Prasad Bomikhal, Laxmisagar, Bhubaneswar, Khordha, Orissa	Plot No-259, Govind Prasad Bomikhal, Laxmisagar, Bhubaneswar, Khordha, Orissa	global tools	plot no 259 govind prasad bomikhal laxmisagar bhubaneswar khordha orissa
S1-393898037	S3-163937462	India	3	Terra Products Pvt. Ltd.	Terra Products Pvt Ltd	C/O Sayed Iftakhar Ali, Sidheswar Sahi, Cuttack, Cuttack Sadar, Cuttack, Orissa	C/o Sayed Iftakhar Ali, Sidheswar Sahi, Cuttack, Cuttack Sadar, Cuttack, Orissa	terra products pvt ltd	c o sayed iftakhar ali sidheswar sahi cuttack cuttack sadar cuttack orissa
S1-380132471	S3-76914023	India	5	Chicago Foundation	Chicago Foundation	Sudpara Po/Ps-Bolangir, Bolangir, Balangir, Orissa	Sudpara Po/ps-bolangir, Bolangir, Balangir, Orissa	chicago foundation	sudpara po ps bolangir bolangir balangir orissa
S1-951934049	S3-229461572	India	3	Natural Solutions Pvt Ltd	Natural Solutions Pvt  Ltd	Vill: Fatepur, Tihidi, Bhadrak, Orissa	Vill: Fatepur, Tihidi, Bhadrak, Orissa	natural solutions pvt ltd	vill fatepur tihidi bhadrak orissa
S1-508583878	S3-339743071	India	4	Sharad & Co	Sharad Co	Arazi No.267 Saha Urf Peepalgaon, Allahabad, Uttar Pradesh	Arazi No.267 Saha Urf Peepalgaon, Allahabad, Uttar Pradesh	sharad co	arazi no 267 saha urf peepalgaon allahabad uttar pradesh
S1-558648528	S3-936139143	India	3	Networth Asia Private Limited	Networth Asia Private Limited	Plot No. 802/1986, Bhubaneswar, Khordha, Orissa	Plot No. 802/1986, Bhubaneswar, Khordha, Orissa	networth asia private limited	plot no 802 1986 bhubaneswar khordha orissa
S1-888556075	S3-726322303	India	9	Astech & Co	Astech Co	B-63 Seema Apartmentsbullock Road Band Stand Bandra, Mumbai, Maharashtra	B-63 Seema Apartmentsbullock Road Band Stand Bandra, Mumbai, Maharashtra	astech co	b 63 seema apartmentsbullock road band stand bandra mumbai maharashtra
S1-178039521	S3-780990918	India	4	Infra Cure Niketan Private Limited	Infra Cure Niketan Private Limited	Word No. 2, House No. 5, Tahajang, Gumma, Parlakhemundi, Kasinagar, Gajapati, Orissa	Word No. 2, House No. 5, Tahajang, Gumma, Parlakhemundi, Kasinagar, Gajapati, Orissa	infra cure niketan private limited	word no 2 house no 5 tahajang gumma parlakhemundi kasinagar gajapati orissa
S1-239996339	S3-882349845	India	3	Ibiz & Co	Ibiz Co	Shop No. 2 Globe Enterprises, Beside Land Mark, Ramdaspeth, Nagpur, Maharashtra	Shop No. 2 Globe Enterprises, Beside Land Mark, Ramdaspeth, Nagpur, Maharashtra	ibiz co	shop no 2 globe enterprises beside land mark ramdaspeth nagpur maharashtra
S1-50153208	S3-179066393	India	6	Eastern Care Private Limited	Eastern Care Private Limited	S/O Golakha Mohanty Puskura Anandapur, Keonjhar, Kendujhar, Orissa	S/o Golakha Mohanty Puskura Anandapur, Keonjhar, Kendujhar, Orissa	eastern care private limited	s o golakha mohanty puskura anandapur keonjhar kendujhar orissa
S1-261070214	S3-764253919	India	6	Dina Rani Private Limited	Dina  Rani Private Limited	Plot No - 875/1108/6150, Frinds Colony Malipada, Bhubaneswar, Khordha, Orissa	Plot No - 875/1108/6150, Frinds Colony Malipada, Bhubaneswar, Khordha, Orissa	dina rani private limited	plot no 875 1108 6150 frinds colony malipada bhubaneswar khordha orissa
S1-837073734	S3-79503528	India	5	Jai Constructions Pvt Ltd	Jai Constructions Pvt [Ltd]	Brahminsahi Boudh Town, Boudh, Orissa	Brahminsahi Boudh Town, Boudh, Orissa	jai constructions pvt ltd	brahminsahi boudh town boudh orissa
S1-54155884	S3-723486068	India	5	Alpha International	alpha international	C/O. Saphala Samal Gadasantri, Angul, Orissa	C/o. Saphala Samal Gadasantri, Angul, Orissa	alpha international	c o saphala samal gadasantri angul orissa
S1-797635958	S3-73831290	India	4	Aumkar & Co	Aumkar Co	Keshva Palace305 West, 3Rd Floor, Ps-Shastri Nagar, Bailey Road, Patna, Bihar	Keshva Palace305 West, 3Rd Floor, Ps-Shastri Nagar, Bailey Road, Patna, Bihar	aumkar co	keshva palace305 west 3rd floor ps shastri nagar bailey road patna bihar
S1-977883516	S3-583807628	India	6	Avisa & Co	Avisa Co	House No. 125, Pocket- B Dda Flats, Sukhdev Vihar, New Delhi, South Delhi, Delhi	House No. 125, Pocket- B Dda Flats, Sukhdev Vihar, New Delhi, South Delhi, Delhi	avisa co	house no 125 pocket b dda flats sukhdev vihar new delhi south delhi delhi
S1-941385965	S3-935801464	India	3	Ujjaora Ventures	Ujjaora  Ventures	C/O Kanailal Baroi - Kalicharan Baroi Nr Durga Petrol Pump Malkangiri, Malkangiri, Orissa	C/o Kanailal Baroi - Kalicharan Baroi Nr Durga Petrol Pump Malkangiri, Malkangiri, Orissa	ujjaora ventures	c o kanailal baroi kalicharan baroi nr durga petrol pump malkangiri malkangiri orissa
S1-744735113	S3-319087892	India	3	Bg & Co	Bg Co	F1, Sri Residency 42 Ellaiamman Koil Street, Kotturpuram, Chennai, Tamil Nadu	F1, Sri Residency 42 Ellaiamman Koil Street, Kotturpuram, Chennai, Tamil Nadu	bg co	f1 sri residency 42 ellaiamman koil street kotturpuram chennai tamil nadu
S1-896562760	S3-326067554	India	3	Sdn & Co	Sdn Co	Jyothi Complex, C3, 2Nd Floor, #134/1, Infantry Road, Bangalore, Karnataka	Jyothi Complex, C3, 2Nd Floor, #134/1, Infantry Road, Bangalore, Karnataka	sdn co	jyothi complex c3 2nd floor 134 1 infantry road bangalore karnataka
S1-511631728	S3-233896744	India	3	Rairangpur Infratech	Rairangpur  Infratech	Ward No. 6 Rairangpur, Rairangpur, Mayurbhanj, Orissa	Ward No. 6- Rairangpur, Rairangpur, Mayurbhanj, Orissa	rairangpur infratech	ward no 6 rairangpur rairangpur mayurbhanj orissa
S1-602146683	S3-753149115	India	5	United Investment Pvt Ltd	United Investment Pvt [Ltd]	C/O-Bharat Ch. Mahanta, Madhupur, Via-Dhenkikote, Ghatagaon, Kendujhar, Orissa	C/o-bharat Ch. Mahanta, Madhupur, Via-dhenkikote, Ghatagaon, Kendujhar, Orissa	united investment pvt ltd	c o bharat ch mahanta madhupur via dhenkikote ghatagaon kendujhar orissa
S1-597902473	S3-750668450	India	4	One It	One It	At-Kuruda(Near Jyoti Hospital) Po-Kuruda, Balasore, Orissa	At-kuruda(near Jyoti Hospital) Po-kuruda, Balasore, Orissa	one it	at kuruda near jyoti hospital po kuruda balasore orissa
S1-534595183	S3-902193256	India	6	Electrum Clinic	Electrum  [Clinic]	Plot No. 513, Near Kamala Neheru Girl'S High School, Baghararoad, Baripada, Mayurbhanj, Orissa	Plot No. 513, Near Kamala Neheru Girl's High School, Baghararoad, Baripada, Mayurbhanj, Orissa	electrum clinic	plot no 513 near kamala neheru girl s high school baghararoad baripada mayurbhanj orissa
S1-486286791	S3-169753790	India	5	Positive & Brothers	Positive Brothers	F- 406Chickrand Stn Road, Sailabala Prev. Reading D, Serampore, Hooghly, West Bengal	F- 406Chickrand Stn Road, Sailabala Prev. Reading D, Serampore, Hooghly, West Bengal	positive brothers	f 406chickrand stn road sailabala prev reading d serampore hooghly west bengal
S1-888823752	S3-155407173	India	5	Profound Law Chambers	Profound  Law Chambers	At: Laxmidaspur, Po: Matipaka Via: Basudevpur, Bhadrak, Orissa	At: Laxmidaspur, Po: Matipaka Via: Basudevpur, Bhadrak, Orissa	profound law chambers	at laxmidaspur po matipaka via basudevpur bhadrak orissa
S1-148182078	S3-731417773	India	3	Subal & Brothers	Subal Brothers	Nirala Estate Phase-01 Gh-04, Techzone-Iv, Greater Noida (West), Gautam Budha Naga, R, Uttar Pardesh, Gautam Buddha Nagar, Uttar Pradesh	Nirala Estate Phase-01 Gh-04, Techzone-Iv, Greater Noida (West), Gautam Budha Naga, R, Uttar Pardesh, Gautam Buddha Nagar, Uttar Pradesh	subal brothers	nirala estate phase 01 gh 04 techzone iv greater noida west gautam budha naga r uttar pardesh gautam buddha nagar uttar pradesh
S1-517598749	S3-952743361	India	5	Maxworth Advisors	Maxworth Advisors	2Nd Floor, Braja Nagar, 1St Lane, Nimakhandi, Berhampur, Ganjam, Orissa	2Nd Floor, Braja Nagar, 1St Lane, Nimakhandi, Berhampur, Ganjam, Orissa	maxworth advisors	2nd floor braja nagar 1st lane nimakhandi berhampur ganjam orissa
S1-64281648	S3-234032317	India	3	Maa Traders Private Limited	MAA TRADERS PRIVATE LIMITED	109, Soubhagya Nagar Siripur Delta Square, Bhubaneswar Urban, Bhubaneswar, Khordha, Orissa	109, Soubhagya Nagar Siripur Delta Square, Bhubaneswar Urban, Bhubaneswar, Khordha, Orissa	maa traders private limited	109 soubhagya nagar siripur delta square bhubaneswar urban bhubaneswar khordha orissa
S1-165258783	S3-789771174	India	4	Oxford Steel Private Limited	oxford steel private limited	Ghaduala Nayagarh, Nayagarh, Orissa	Ghaduala Nayagarh, Nayagarh, Orissa	oxford steel private limited	ghaduala nayagarh nayagarh orissa
S1-945290742	S3-599339875	India	5	Fuel & Co	Fuel Co	J-54Goverdhan Pathtagore, Nagar, Ajmer Road, Marudhar, Jaipur, Rajasthan	J-54Goverdhan Pathtagore, Nagar, Ajmer Road, Marudhar, Jaipur, Rajasthan	fuel co	j 54goverdhan pathtagore nagar ajmer road marudhar jaipur rajasthan
S1-778846839	S3-704584681	India	3	First & Sons	First Sons	Ss 1/530, Sitapur Road Yojana Sec A, Aliganj, Lucknow, Uttar Pradesh	Ss 1/530, Sitapur Road Yojana Sec A, Aliganj, Lucknow, Uttar Pradesh	first sons	ss 1 530 sitapur road yojana sec a aliganj lucknow uttar pradesh
S1-36754801	S3-473099993	India	5	India Jan Hospitality Private Limited	INDIA JAN HOSPITALITY PRIVATE LIMITED	Plot No-1652/5861, Nayagarh, Orissa	Plot No-1652/5861, Nayagarh, Orissa	india jan hospitality private limited	plot no 1652 5861 nayagarh orissa
S1-409912250	S3-85089247	India	3	Shiva Tech Private Limited	Shiva Tech Private Limited	Plot No 1453, Khata No 296 Flat No 411, 4Th Floor Oditech Pride, Patia Po Kiit Ps Infocity Khordha, Bhubaneswar, Khordha, Orissa	Plot No 1453, Khata No 296 Flat No 411, 4Th Floor Oditech Pride, Patia Po Kiit Ps Infocity Khordha, Bhubaneswar, Khordha, Orissa	shiva tech private limited	plot no 1453 khata no 296 flat no 411 4th floor oditech pride patia po kiit ps infocity khordha bhubaneswar khordha orissa
S1-817040362	S3-157429060	India	6	Kashinath & Co	Kashinath Co	No.77, 21Stdmaincross, Muthurayaswamy Layout Sunkadakatte, Magadimainroad, Bangalore, Karnataka	No.77, 21Stdmaincross, Muthurayaswamy Layout Sunkadakatte, Magadimainroad, Bangalore, Karnataka	kashinath co	no 77 21stdmaincross muthurayaswamy layout sunkadakatte magadimainroad bangalore karnataka
S1-601586101	S3-227432950	India	6	Rajni & Co	Rajni Co	171-Amadan Pur Khadar, New Delhi, South Delhi, Delhi	171-Amadan Pur Khadar, New Delhi, South Delhi, Delhi	rajni co	171 amadan pur khadar new delhi south delhi delhi
S1-461483562	S3-26837414	India	4	Sampoorna & Co	Sampoorna Co	House No A-22, Block-A Mangolpuri New Delhi, Delhi, North West, Delhi	House No A-22, Block-A Mangolpuri New Delhi, Delhi, North West, Delhi	sampoorna co	house no a 22 block a mangolpuri new delhi delhi north west delhi
S1-121915818	S3-232712622	India	8	Arrowlink Travel Private Limited	arrowlink travel private limited	C/O Chhabil Das Goyal, Plot No. 1657/2493 Gujuratipada, Angul, Orissa	C/o Chhabil Das Goyal, Plot No. 1657/2493 Gujuratipada, Angul, Orissa	arrowlink travel private limited	c o chhabil das goyal plot no 1657 2493 gujuratipada angul orissa
S1-431269012	S3-330237031	India	6	Ayan & Sons	Ayan Sons	C/O Narsing Jaiswal, Begam Ki Haweli, Ward No.48, Patna City, Patna, Bihar	C/O Narsing Jaiswal, Begam Ki Haweli, Ward No.48, Patna City, Patna, Bihar	ayan sons	c o narsing jaiswal begam ki haweli ward no 48 patna city patna bihar
S1-213875688	S3-997015916	India	6	Valli & Co	Valli Co	Door No.1270, Sbn Towers, 2Nd Floor, Trichy Road, Near Sungam, Coimbatore, Tamil Nadu	Door No.1270, Sbn Towers, 2Nd Floor, Trichy Road, Near Sungam, Coimbatore, Tamil Nadu	valli co	door no 1270 sbn towers 2nd floor trichy road near sungam coimbatore tamil nadu
S1-411003830	S3-742382601	India	5	Royal Investments Pvt Ltd	royal investments pvt ltd	Khata No 385/23 Plot No- 69/1732, 70/1732 Malipada Fatak Behind Gm University, Railway Station Road, Sadar, Sambalpur, Orissa	Khata No #385/23 Plot No- 69/1732, 70/1732 Malipada Fatak Behind Gm University, Railway Station Road, Sadar, Sambalpur, Orissa	royal investments pvt ltd	khata no 385 23 plot no 69 1732 70 1732 malipada fatak behind gm university railway station road sadar sambalpur orissa
S1-297956110	S3-311692564	India	5	LVR Elite Pvt Ltd	Lvr-Elite Pvt [Ltd]	Plot No Bl/8, Revenue Plot No 494(P) Kalunga Industrial Estate, Beldihi, Rourkela, Sundargarh, Orissa	Plot No Bl/8, Revenue Plot No 494(P) Kalunga Industrial Estate, Beldihi, Rourkela, Sundargarh, Orissa	lvr elite pvt ltd	plot no bl 8 revenue plot no 494 p kalunga industrial estate beldihi rourkela sundargarh orissa
S1-27938317	S3-36051092	India	6	Bcs & Co	Bcs Co	Flat No. 204, Plot 50, Sector 15 Ghansoli, Navi Mumbai, Thane, Maharashtra	Flat No. 204, Plot 50, Sector 15 Ghansoli, Navi Mumbai, Thane, Maharashtra	bcs co	flat no 204 plot 50 sector 15 ghansoli navi mumbai thane maharashtra
